0,9,r,0,4075
1,17,r,4075,4154
2,22,r,8229,4091
3,25,r,12320,4115
4,29,r,16435,4113
5,39,w,20548,4078
6,43,w,24626,4098
7,50,w,28724,4104
8,54,r,32828,4138
9,61,r,36966,4110
10,70,r,41076,4113
11,75,r,45189,4087
12,81,r,49276,4043
13,90,w,53319,4084
14,95,w,57403,4099
15,101,w,61502,4099
16,110,r,65601,4125
17,117,r,69726,4116
18,121,r,73842,4088
19,131,r,77930,4066
20,139,r,81996,4104
21,146,w,86100,4092
22,155,w,90192,4082
23,165,w,94274,4085
24,168,r,98359,4080
25,178,r,102439,4141
26,182,r,106580,4080
27,190,r,110660,4078
28,195,r,114738,4070
29,204,w,118808,4128
30,213,w,122936,4086
31,214,w,127022,4097
32,219,r,131119,4103
33,225,r,135222,4071
34,228,r,139293,4112
35,229,r,143405,4064
36,239,r,147469,4123
37,249,w,151592,4072
38,250,w,155664,4035
39,252,w,159699,4074
40,255,r,163773,4106
41,263,r,167879,4096
42,264,r,171975,4122
43,274,r,176097,4063
44,275,r,180160,4134
45,276,w,184294,4095
46,285,w,188389,4120
47,294,w,192509,4051
48,303,r,196560,4118
49,309,r,200678,4057
50,317,r,204735,4077
51,319,r,208812,4117
52,326,r,212929,4083
53,330,w,217012,4093
54,336,w,221105,4093
55,343,w,225198,4133
56,348,r,229331,4132
57,354,r,233463,4052
58,363,r,237515,4057
59,366,r,241572,4085
60,371,r,245657,4127
61,381,w,249784,4053
62,390,w,253837,4119
63,398,w,257956,4115
64,402,r,262071,4108
65,407,r,266179,4101
66,415,r,270280,4079
67,425,r,274359,4098
68,427,r,278457,4132
69,430,w,282589,4049
70,437,w,286638,4086
71,445,w,290724,4137
72,446,r,294861,4118
73,449,r,298979,4062
74,454,r,303041,4056
75,455,r,307097,4127
76,460,r,311224,4117
77,466,w,315341,4128
78,468,w,319469,4056
79,475,w,323525,4087
80,478,r,327612,4149
81,479,r,331761,4147
82,485,r,335908,4103
83,490,r,340011,4115
84,498,r,344126,4058
85,502,w,348184,4140
86,504,w,352324,4074
87,507,w,356398,4055
88,517,r,360453,4076
89,518,r,364529,4121
90,526,r,368650,4083
91,529,r,372733,4101
92,537,r,376834,4086
93,545,w,380920,4075
94,549,w,384995,4136
95,557,w,389131,4117
96,558,r,393248,4130
97,566,r,397378,4124
98,567,r,401502,4115
99,574,r,405617,4034
